source,source_record_id,species,scientific_name,observed_at,latitude,longitude,country,locality,life_stage,basis_of_record,coordinate_uncertainty_m,dataset_name,license,source_url,retrieved_at
gbif,6130690612,Galeocerdo cuvier,"Galeocerdo cuvier (Péron & Lesueur, 1822)",2026-01-17T10:59:53,19.678773,-156.156033,United States of America,,,HUMAN_OBSERVATION,30545.0,iNaturalist research-grade observations,http://creativecommons.org/licenses/by-nc/4.0/legalcode,https://www.gbif.org/occurrence/6130690612,2026-09-23T07:34:02.915214+00:00
gbif,6131322721,Galeocerdo cuvier,"Galeocerdo cuvier (Péron & Lesueur, 1822)",2026-01-13,25.465109,-78.343065,Bahamas,,,HUMAN_OBSERVATION,120467.0,iNaturalist research-grade observations,http://creativecommons.org/licenses/by-nc/4.0/legalcode,https://www.gbif.org/occurrence/6131322721,2026-09-23T07:34:02.915214+00:00
gbif,6131353965,Galeocerdo cuvier,"Galeocerdo cuvier (Péron & Lesueur, 1822)",2026-01-13,25.513976,-78.243289,Bahamas,,,HUMAN_OBSERVATION,120467.0,iNaturalist research-grade observations,http://creativecommons.org/licenses/by-nc/4.0/legalcode,https://www.gbif.org/occurrence/6131353965,2026-09-23T07:34:02.915214+00:00
gbif,6147510675,Galeocerdo cuvier,"Galeocerdo cuvier (Péron & Lesueur, 1822)",2026-01-31,-0.998865,-90.975698,Ecuador,,,HUMAN_OBSERVATION,31449.0,iNaturalist research-grade observations,http://creativecommons.org/licenses/by-nc/4.0/legalcode,https://www.gbif.org/occurrence/6147510675,2026-09-23T07:34:02.915214+00:00
gbif,6170998524,Galeocerdo cuvier,"Galeocerdo cuvier (Péron & Lesueur, 1822)",2026-01-02T14:40:21,-0.840505,-90.810591,Ecuador,,,HUMAN_OBSERVATION,31449.0,iNaturalist research-grade observations,http://creativecommons.org/licenses/by-nc/4.0/legalcode,https://www.gbif.org/occurrence/6170998524,2026-09-23T07:34:02.915214+00:00
gbif,6185544658,Galeocerdo cuvier,"Galeocerdo cuvier (Péron & Lesueur, 1822)",2026-01-05T05:30,-24.11288,152.714019,Australia,,,HUMAN_OBSERVATION,637.0,iNaturalist research-grade observations,http://creativecommons.org/licenses/by-nc/4.0/legalcode,https://www.gbif.org/occurrence/6185544658,2026-09-23T07:34:02.915214+00:00
gbif,6133086834,Galeocerdo cuvier,"Galeocerdo cuvier (Péron & Lesueur, 1822)",2026-02-02T13:14:46,-28.258537,153.585572,Australia,,Juvenile,HUMAN_OBSERVATION,5.0,iNaturalist research-grade observations,http://creativecommons.org/licenses/by-nc/4.0/legalcode,https://www.gbif.org/occurrence/6133086834,2026-09-23T07:34:02.915214+00:00
gbif,6178462868,Galeocerdo cuvier,"Galeocerdo cuvier (Péron & Lesueur, 1822)",2026-02-25T06:44:16,-0.240028,73.565875,Maldives,,,HUMAN_OBSERVATION,31451.0,iNaturalist research-grade observations,http://creativecommons.org/licenses/by-nc/4.0/legalcode,https://www.gbif.org/occurrence/6178462868,2026-09-23T07:34:02.915214+00:00
gbif,6188381210,Galeocerdo cuvier,"Galeocerdo cuvier (Péron & Lesueur, 1822)",2026-02-23T09:32,18.153802,-63.082256,Anguilla,,,HUMAN_OBSERVATION,30683.0,iNaturalist research-grade observations,http://creativecommons.org/licenses/by-nc/4.0/legalcode,https://www.gbif.org/occurrence/6188381210,2026-09-23T07:34:02.915214+00:00
gbif,6185212715,Galeocerdo cuvier,"Galeocerdo cuvier (Péron & Lesueur, 1822)",2026-03-18T18:51,-4.753551,55.303923,Seychelles,,Juvenile,HUMAN_OBSERVATION,31398.0,iNaturalist research-grade observations,http://creativecommons.org/licenses/by-nc/4.0/legalcode,https://www.gbif.org/occurrence/6185212715,2026-09-23T07:34:02.915214+00:00
gbif,6185218547,Galeocerdo cuvier,"Galeocerdo cuvier (Péron & Lesueur, 1822)",2026-03-08,-0.202223,73.543621,Maldives,,,HUMAN_OBSERVATION,31451.0,iNaturalist research-grade observations,http://creativecommons.org/licenses/by-nc/4.0/legalcode,https://www.gbif.org/occurrence/6185218547,2026-09-23T07:34:02.915214+00:00
gbif,6185645737,Galeocerdo cuvier,"Galeocerdo cuvier (Péron & Lesueur, 1822)",2026-03-20T10:02:14,17.822097,-63.172199,Sint Maarten (Dutch part),,,HUMAN_OBSERVATION,30699.0,iNaturalist research-grade observations,http://creativecommons.org/licenses/by-nc/4.0/legalcode,https://www.gbif.org/occurrence/6185645737,2026-09-23T07:34:02.915214+00:00
gbif,6186035803,Galeocerdo cuvier,"Galeocerdo cuvier (Péron & Lesueur, 1822)",2026-03-21T08:48:32,8.385301,77.052986,India,,Juvenile,HUMAN_OBSERVATION,31287.0,iNaturalist research-grade observations,http://creativecommons.org/licenses/by-nc/4.0/legalcode,https://www.gbif.org/occurrence/6186035803,2026-09-23T07:34:02.915214+00:00
gbif,6188446338,Galeocerdo cuvier,"Galeocerdo cuvier (Péron & Lesueur, 1822)",2026-03-22T09:00,-21.901723,113.957711,Australia,,,HUMAN_OBSERVATION,9955.0,iNaturalist research-grade observations,http://creativecommons.org/licenses/by-nc/4.0/legalcode,https://www.gbif.org/occurrence/6188446338,2026-09-23T07:34:02.915214+00:00
gbif,6195665722,Galeocerdo cuvier,"Galeocerdo cuvier (Péron & Lesueur, 1822)",2026-04-06T15:35,-14.859985,-147.609111,French Polynesia,,Egg,HUMAN_OBSERVATION,30927.0,iNaturalist research-grade observations,http://creativecommons.org/licenses/by-nc/4.0/legalcode,https://www.gbif.org/occurrence/6195665722,2026-09-23T07:34:02.915214+00:00
gbif,6235030691,Galeocerdo cuvier,"Galeocerdo cuvier (Péron & Lesueur, 1822)",2026-04-25T11:55,26.946084,-80.129179,United States of America,,,HUMAN_OBSERVATION,29798.0,iNaturalist research-grade observations,http://creativecommons.org/licenses/by-nc/4.0/legalcode,https://www.gbif.org/occurrence/6235030691,2026-09-23T07:34:02.915214+00:00
gbif,6251641580,Galeocerdo cuvier,"Galeocerdo cuvier (Péron & Lesueur, 1822)",2026-04-06T15:35,-14.803595,-147.654208,French Polynesia,,Adult,HUMAN_OBSERVATION,30927.0,iNaturalist research-grade observations,http://creativecommons.org/licenses/by-nc/4.0/legalcode,https://www.gbif.org/occurrence/6251641580,2026-09-23T07:34:02.915214+00:00
gbif,6252097407,Galeocerdo cuvier,"Galeocerdo cuvier (Péron & Lesueur, 1822)",2026-05-02T21:04,20.740797,-156.289252,United States of America,,,HUMAN_OBSERVATION,44888.0,iNaturalist research-grade observations,http://creativecommons.org/licenses/by-nc/4.0/legalcode,https://www.gbif.org/occurrence/6252097407,2026-09-23T07:34:02.915214+00:00
gbif,6353074074,Galeocerdo cuvier,"Galeocerdo cuvier (Péron & Lesueur, 1822)",2026-05-25T07:12,-16.49193,145.469955,Australia,,,HUMAN_OBSERVATION,30810.0,iNaturalist research-grade observations,http://creativecommons.org/licenses/by-nc/4.0/legalcode,https://www.gbif.org/occurrence/6353074074,2026-09-23T07:34:02.915214+00:00
gbif,6399625675,Galeocerdo cuvier,"Galeocerdo cuvier (Péron & Lesueur, 1822)",2026-05-18T11:02:32,30.269263,-86.541885,United States of America,,,HUMAN_OBSERVATION,29382.0,iNaturalist research-grade observations,http://creativecommons.org/licenses/by-nc/4.0/legalcode,https://www.gbif.org/occurrence/6399625675,2026-09-23T07:34:02.915214+00:00
gbif,6400211599,Galeocerdo cuvier,"Galeocerdo cuvier (Péron & Lesueur, 1822)",2026-05-28T10:51:24,19.224066,-110.8324,Mexico,,,HUMAN_OBSERVATION,30580.0,iNaturalist research-grade observations,http://creativecommons.org/licenses/by-nc/4.0/legalcode,https://www.gbif.org/occurrence/6400211599,2026-09-23T07:34:02.915214+00:00
gbif,6399752821,Galeocerdo cuvier,"Galeocerdo cuvier (Péron & Lesueur, 1822)",2026-06-04T11:19,33.88461,-78.583242,United States of America,,,HUMAN_OBSERVATION,28902.0,iNaturalist research-grade observations,http://creativecommons.org/licenses/by-nc/4.0/legalcode,https://www.gbif.org/occurrence/6399752821,2026-09-23T07:34:02.915214+00:00
gbif,6399953055,Galeocerdo cuvier,"Galeocerdo cuvier (Péron & Lesueur, 1822)",2026-06-07T17:14:40,29.822253,-81.296438,United States of America,,,HUMAN_OBSERVATION,29433.0,iNaturalist research-grade observations,http://creativecommons.org/licenses/by-nc/4.0/legalcode,https://www.gbif.org/occurrence/6399953055,2026-09-23T07:34:02.915214+00:00
gbif,6400196888,Galeocerdo cuvier,"Galeocerdo cuvier (Péron & Lesueur, 1822)",2026-06-15T13:19,-23.106698,113.757702,Australia,,,HUMAN_OBSERVATION,1328.0,iNaturalist research-grade observations,http://creativecommons.org/licenses/by-nc/4.0/legalcode,https://www.gbif.org/occurrence/6400196888,2026-09-23T07:34:02.915214+00:00
gbif,6422066082,Galeocerdo cuvier,"Galeocerdo cuvier (Péron & Lesueur, 1822)",2026-06-23T12:15,21.652673,-158.173927,United States of America,,,HUMAN_OBSERVATION,30357.0,iNaturalist research-grade observations,http://creativecommons.org/licenses/by-nc/4.0/legalcode,https://www.gbif.org/occurrence/6422066082,2026-09-23T07:34:02.915214+00:00
gbif,6422782999,Galeocerdo cuvier,"Galeocerdo cuvier (Péron & Lesueur, 1822)",2026-06-13T11:00,-23.076465,113.791511,Australia,,,HUMAN_OBSERVATION,6286.0,iNaturalist research-grade observations,http://creativecommons.org/licenses/by-nc/4.0/legalcode,https://www.gbif.org/occurrence/6422782999,2026-09-23T07:34:02.915214+00:00
gbif,6437348406,Galeocerdo cuvier,"Galeocerdo cuvier (Péron & Lesueur, 1822)",2026-06-04,29.541953,34.950865,Israel,,,HUMAN_OBSERVATION,,INPA - Application,http://creativecommons.org/licenses/by-nc/4.0/legalcode,https://www.gbif.org/occurrence/6437348406,2026-09-23T07:34:02.915214+00:00
gbif,6440940343,Galeocerdo cuvier,"Galeocerdo cuvier (Péron & Lesueur, 1822)",2026-06-04T16:00,-15.892487,145.901055,Australia,,,HUMAN_OBSERVATION,30855.0,iNaturalist research-grade observations,http://creativecommons.org/licenses/by-nc/4.0/legalcode,https://www.gbif.org/occurrence/6440940343,2026-09-23T07:34:02.915214+00:00
gbif,6441474308,Galeocerdo cuvier,"Galeocerdo cuvier (Péron & Lesueur, 1822)",2026-06-12T13:15,28.669676,-82.750796,United States of America,,,HUMAN_OBSERVATION,29582.0,iNaturalist research-grade observations,http://creativecommons.org/licenses/by-nc/4.0/legalcode,https://www.gbif.org/occurrence/6441474308,2026-09-23T07:34:02.915214+00:00
gbif,6480734869,Galeocerdo cuvier,"Galeocerdo cuvier (Péron & Lesueur, 1822)",2026-06-26T10:27,-23.134171,113.76663,Australia,,,HUMAN_OBSERVATION,59.0,iNaturalist research-grade observations,http://creativecommons.org/licenses/by-nc/4.0/legalcode,https://www.gbif.org/occurrence/6480734869,2026-09-23T07:34:02.915214+00:00
gbif,6441084157,Galeocerdo cuvier,"Galeocerdo cuvier (Péron & Lesueur, 1822)",2026-07-07T07:00,11.305414,124.178608,Philippines,,,HUMAN_OBSERVATION,31148.0,iNaturalist research-grade observations,http://creativecommons.org/licenses/by-nc/4.0/legalcode,https://www.gbif.org/occurrence/6441084157,2026-09-23T07:34:02.915214+00:00
gbif,6469594676,Galeocerdo cuvier,"Galeocerdo cuvier (Péron & Lesueur, 1822)",2026-07-24T08:37:28,30.009849,-86.459529,United States of America,,Juvenile,HUMAN_OBSERVATION,29407.0,iNaturalist research-grade observations,http://creativecommons.org/licenses/by-nc/4.0/legalcode,https://www.gbif.org/occurrence/6469594676,2026-09-23T07:34:02.915214+00:00
gbif,6469845012,Galeocerdo cuvier,"Galeocerdo cuvier (Péron & Lesueur, 1822)",2026-07-26T15:14:48,38.222587,-75.002452,United States of America,,,HUMAN_OBSERVATION,28270.0,iNaturalist research-grade observations,http://creativecommons.org/licenses/by-nc/4.0/legalcode,https://www.gbif.org/occurrence/6469845012,2026-09-23T07:34:02.915214+00:00
gbif,6470061880,Galeocerdo cuvier,"Galeocerdo cuvier (Péron & Lesueur, 1822)",2026-07-13T09:59,19.632482,-156.053293,United States of America,,,HUMAN_OBSERVATION,30545.0,iNaturalist research-grade observations,http://creativecommons.org/licenses/by/4.0/legalcode,https://www.gbif.org/occurrence/6470061880,2026-09-23T07:34:02.915214+00:00
gbif,6479617390,Galeocerdo cuvier,"Galeocerdo cuvier (Péron & Lesueur, 1822)",2026-07-11T09:33,19.668141,-156.104632,United States of America,,,HUMAN_OBSERVATION,30545.0,iNaturalist research-grade observations,http://creativecommons.org/licenses/by-nc/4.0/legalcode,https://www.gbif.org/occurrence/6479617390,2026-09-23T07:34:02.915214+00:00
gbif,6500200634,Galeocerdo cuvier,"Galeocerdo cuvier (Péron & Lesueur, 1822)",2026-07-03T09:10,-18.284898,178.009614,Fiji,,Adult,HUMAN_OBSERVATION,30666.0,iNaturalist research-grade observations,http://creativecommons.org/licenses/by-nc/4.0/legalcode,https://www.gbif.org/occurrence/6500200634,2026-09-23T07:34:02.915214+00:00
gbif,6479866652,Galeocerdo cuvier,"Galeocerdo cuvier (Péron & Lesueur, 1822)",2026-08-03T16:05,27.611099,-97.120688,United States of America,,Juvenile,HUMAN_OBSERVATION,29704.0,iNaturalist research-grade observations,http://creativecommons.org/licenses/by-nc/4.0/legalcode,https://www.gbif.org/occurrence/6479866652,2026-09-23T07:34:02.915214+00:00
gbif,6498966566,Galeocerdo cuvier,"Galeocerdo cuvier (Péron & Lesueur, 1822)",2026-08-22T14:34:43,-0.205185,73.548932,Maldives,,,HUMAN_OBSERVATION,31451.0,iNaturalist research-grade observations,http://creativecommons.org/licenses/by-nc/4.0/legalcode,https://www.gbif.org/occurrence/6498966566,2026-09-23T07:34:02.915214+00:00
gbif,6500261025,Galeocerdo cuvier,"Galeocerdo cuvier (Péron & Lesueur, 1822)",2026-08-05T12:29:48,21.423773,-158.323809,United States of America,,Adult,HUMAN_OBSERVATION,30377.0,iNaturalist research-grade observations,http://creativecommons.org/licenses/by-nc/4.0/legalcode,https://www.gbif.org/occurrence/6500261025,2026-09-23T07:34:02.915214+00:00
gbif,6520390560,Galeocerdo cuvier,"Galeocerdo cuvier (Péron & Lesueur, 1822)",2026-08-31T14:06,-23.149046,113.754309,Australia,,,HUMAN_OBSERVATION,8.0,iNaturalist research-grade observations,http://creativecommons.org/licenses/by-nc/4.0/legalcode,https://www.gbif.org/occurrence/6520390560,2026-09-23T07:34:02.915214+00:00
gbif,5006802538,Galeocerdo cuvier,"Galeocerdo cuvier (Péron & Lesueur, 1822)",2025-01-02T14:21,-23.147981,113.753724,Australia,,,HUMAN_OBSERVATION,2440.0,iNaturalist research-grade observations,http://creativecommons.org/licenses/by-nc/4.0/legalcode,https://www.gbif.org/occurrence/5006802538,2026-09-23T07:34:02.915214+00:00
gbif,5063745386,Galeocerdo cuvier,"Galeocerdo cuvier (Péron & Lesueur, 1822)",2025-01-31T09:20:36,-29.159526,167.964168,Norfolk Island,,Adult,HUMAN_OBSERVATION,29533.0,iNaturalist research-grade observations,http://creativecommons.org/licenses/by-nc/4.0/legalcode,https://www.gbif.org/occurrence/5063745386,2026-09-23T07:34:02.915214+00:00
gbif,5063983366,Galeocerdo cuvier,"Galeocerdo cuvier (Péron & Lesueur, 1822)",2025-01-21T11:13,-0.42769,-90.329049,Ecuador,,,HUMAN_OBSERVATION,31451.0,iNaturalist research-grade observations,http://creativecommons.org/licenses/by-nc/4.0/legalcode,https://www.gbif.org/occurrence/5063983366,2026-09-23T07:34:02.915214+00:00
gbif,5206176717,Galeocerdo cuvier,"Galeocerdo cuvier (Péron & Lesueur, 1822)",2025-01-24T10:34,4.36285,73.572509,Maldives,,,HUMAN_OBSERVATION,31407.0,iNaturalist research-grade observations,http://creativecommons.org/licenses/by-nc/4.0/legalcode,https://www.gbif.org/occurrence/5206176717,2026-09-23T07:34:02.915214+00:00
gbif,6422505464,Galeocerdo cuvier,"Galeocerdo cuvier (Péron & Lesueur, 1822)",2025-01-09T10:54,-14.946879,-147.725979,French Polynesia,,,HUMAN_OBSERVATION,30927.0,iNaturalist research-grade observations,http://creativecommons.org/licenses/by-nc/4.0/legalcode,https://www.gbif.org/occurrence/6422505464,2026-09-23T07:34:02.915214+00:00
gbif,5063661225,Galeocerdo cuvier,"Galeocerdo cuvier (Péron & Lesueur, 1822)",2025-02-01T15:07,8.677206,-83.213192,Costa Rica,,Juvenile,HUMAN_OBSERVATION,31271.0,iNaturalist research-grade observations,http://creativecommons.org/licenses/by-nc/4.0/legalcode,https://www.gbif.org/occurrence/5063661225,2026-09-23T07:34:02.915214+00:00
gbif,5063842354,Galeocerdo cuvier,"Galeocerdo cuvier (Péron & Lesueur, 1822)",2025-02-03T04:38,1.756971,-91.932095,Ecuador,,,HUMAN_OBSERVATION,31444.0,iNaturalist research-grade observations,http://creativecommons.org/licenses/by-nc/4.0/legalcode,https://www.gbif.org/occurrence/5063842354,2026-09-23T07:34:02.915214+00:00
gbif,5069831221,Galeocerdo cuvier,"Galeocerdo cuvier (Péron & Lesueur, 1822)",2025-02-13T21:56,-23.50651,152.091529,Australia,,,HUMAN_OBSERVATION,2.0,iNaturalist research-grade observations,http://creativecommons.org/licenses/by-nc/4.0/legalcode,https://www.gbif.org/occurrence/5069831221,2026-09-23T07:34:02.915214+00:00
gbif,5069964136,Galeocerdo cuvier,"Galeocerdo cuvier (Péron & Lesueur, 1822)",2025-02-15T08:30,11.352204,124.134387,Philippines,,Adult,HUMAN_OBSERVATION,31148.0,iNaturalist research-grade observations,http://creativecommons.org/licenses/by-nc/4.0/legalcode,https://www.gbif.org/occurrence/5069964136,2026-09-23T07:34:02.915214+00:00
gbif,5069968123,Galeocerdo cuvier,"Galeocerdo cuvier (Péron & Lesueur, 1822)",2025-02-15T08:30,11.341423,124.034487,Philippines,,Adult,HUMAN_OBSERVATION,31148.0,iNaturalist research-grade observations,http://creativecommons.org/licenses/by-nc/4.0/legalcode,https://www.gbif.org/occurrence/5069968123,2026-09-23T07:34:02.915214+00:00
gbif,5153382384,Galeocerdo cuvier,"Galeocerdo cuvier (Péron & Lesueur, 1822)",2025-02-11T16:15,-0.242183,73.427861,Maldives,,,HUMAN_OBSERVATION,31451.0,iNaturalist research-grade observations,http://creativecommons.org/licenses/by-nc/4.0/legalcode,https://www.gbif.org/occurrence/5153382384,2026-09-23T07:34:02.915214+00:00
gbif,5760216384,Galeocerdo cuvier,"Galeocerdo cuvier (Péron & Lesueur, 1822)",2025-02-20T08:18:47,12.833658,74.944934,India,,Juvenile,HUMAN_OBSERVATION,31057.0,iNaturalist research-grade observations,http://creativecommons.org/licenses/by-nc/4.0/legalcode,https://www.gbif.org/occurrence/5760216384,2026-09-23T07:34:02.915214+00:00
gbif,6178615741,Galeocerdo cuvier,"Galeocerdo cuvier (Péron & Lesueur, 1822)",2025-02-14T19:28:06,-0.26583,73.470033,Maldives,,Adult,HUMAN_OBSERVATION,31451.0,iNaturalist research-grade observations,http://creativecommons.org/licenses/by-nc/4.0/legalcode,https://www.gbif.org/occurrence/6178615741,2026-09-23T07:34:02.915214+00:00
gbif,5087661144,Galeocerdo cuvier,"Galeocerdo cuvier (Péron & Lesueur, 1822)",2025-03-08T07:14:31,-22.453787,-41.969988,Brazil,,Juvenile,HUMAN_OBSERVATION,30278.0,iNaturalist research-grade observations,http://creativecommons.org/licenses/by-nc/4.0/legalcode,https://www.gbif.org/occurrence/5087661144,2026-09-23T07:34:02.915214+00:00
gbif,5104607564,Galeocerdo cuvier,"Galeocerdo cuvier (Péron & Lesueur, 1822)",2025-03-22T16:48,-24.110893,152.712607,Australia,,Adult,HUMAN_OBSERVATION,1749.0,iNaturalist research-grade observations,http://creativecommons.org/licenses/by-nc/4.0/legalcode,https://www.gbif.org/occurrence/5104607564,2026-09-23T07:34:02.915214+00:00
gbif,5104618946,Galeocerdo cuvier,"Galeocerdo cuvier (Péron & Lesueur, 1822)",2025-03-14T15:04,27.253351,-78.293299,Bahamas,,,HUMAN_OBSERVATION,500000.0,iNaturalist research-grade observations,http://creativecommons.org/licenses/by-nc/4.0/legalcode,https://www.gbif.org/occurrence/5104618946,2026-09-23T07:34:02.915214+00:00
gbif,5108205814,Galeocerdo cuvier,"Galeocerdo cuvier (Péron & Lesueur, 1822)",2025-03-27T13:00,-36.86643,176.027965,New Zealand,,Juvenile,HUMAN_OBSERVATION,28476.0,iNaturalist research-grade observations,http://creativecommons.org/licenses/by-nc/4.0/legalcode,https://www.gbif.org/occurrence/5108205814,2026-09-23T07:34:02.915214+00:00
gbif,5108383412,Galeocerdo cuvier,"Galeocerdo cuvier (Péron & Lesueur, 1822)",2025-03-28T11:40,-16.608232,146.214371,Australia,,,HUMAN_OBSERVATION,30795.0,iNaturalist research-grade observations,http://creativecommons.org/licenses/by-nc/4.0/legalcode,https://www.gbif.org/occurrence/5108383412,2026-09-23T07:34:02.915214+00:00
gbif,5133758058,Galeocerdo cuvier,"Galeocerdo cuvier (Péron & Lesueur, 1822)",2025-03-01T13:40,24.917928,-81.041427,United States of America,,,HUMAN_OBSERVATION,30025.0,iNaturalist research-grade observations,http://creativecommons.org/licenses/by-nc/4.0/legalcode,https://www.gbif.org/occurrence/5133758058,2026-09-23T07:34:02.915214+00:00
gbif,5206523433,Galeocerdo cuvier,"Galeocerdo cuvier (Péron & Lesueur, 1822)",2025-03-25T01:26:01,-26.984377,32.854687,Mozambique,,,HUMAN_OBSERVATION,29798.0,iNaturalist research-grade observations,http://creativecommons.org/licenses/by-nc/4.0/legalcode,https://www.gbif.org/occurrence/5206523433,2026-09-23T07:34:02.915214+00:00
gbif,5889477038,Galeocerdo cuvier,"Galeocerdo cuvier (Péron & Lesueur, 1822)",2025-03-05T16:42,-18.23939,178.156747,Fiji,,Adult,HUMAN_OBSERVATION,30666.0,iNaturalist research-grade observations,http://creativecommons.org/licenses/by/4.0/legalcode,https://www.gbif.org/occurrence/5889477038,2026-09-23T07:34:02.915214+00:00
gbif,5889581487,Galeocerdo cuvier,"Galeocerdo cuvier (Péron & Lesueur, 1822)",2025-03-05T16:44,-18.20715,178.112366,Fiji,,Adult,HUMAN_OBSERVATION,30666.0,iNaturalist research-grade observations,http://creativecommons.org/licenses/by/4.0/legalcode,https://www.gbif.org/occurrence/5889581487,2026-09-23T07:34:02.915214+00:00
gbif,5890117133,Galeocerdo cuvier,"Galeocerdo cuvier (Péron & Lesueur, 1822)",2025-03-05T16:37,-18.36839,178.197029,Fiji,,,HUMAN_OBSERVATION,30666.0,iNaturalist research-grade observations,http://creativecommons.org/licenses/by/4.0/legalcode,https://www.gbif.org/occurrence/5890117133,2026-09-23T07:34:02.915214+00:00
gbif,5890325207,Galeocerdo cuvier,"Galeocerdo cuvier (Péron & Lesueur, 1822)",2025-03-05T16:36,-18.285689,178.078403,Fiji,,,HUMAN_OBSERVATION,30666.0,iNaturalist research-grade observations,http://creativecommons.org/licenses/by/4.0/legalcode,https://www.gbif.org/occurrence/5890325207,2026-09-23T07:34:02.915214+00:00
gbif,5890363260,Galeocerdo cuvier,"Galeocerdo cuvier (Péron & Lesueur, 1822)",2025-03-05T16:40,-18.355303,178.095874,Fiji,,Adult,HUMAN_OBSERVATION,30666.0,iNaturalist research-grade observations,http://creativecommons.org/licenses/by/4.0/legalcode,https://www.gbif.org/occurrence/5890363260,2026-09-23T07:34:02.915214+00:00
gbif,5890376575,Galeocerdo cuvier,"Galeocerdo cuvier (Péron & Lesueur, 1822)",2025-03-05T16:38,-18.214941,178.050941,Fiji,,Adult,HUMAN_OBSERVATION,30666.0,iNaturalist research-grade observations,http://creativecommons.org/licenses/by/4.0/legalcode,https://www.gbif.org/occurrence/5890376575,2026-09-23T07:34:02.915214+00:00
gbif,5890449835,Galeocerdo cuvier,"Galeocerdo cuvier (Péron & Lesueur, 1822)",2025-03-05T16:41,-18.39138,178.12611,Fiji,,Adult,HUMAN_OBSERVATION,30666.0,iNaturalist research-grade observations,http://creativecommons.org/licenses/by/4.0/legalcode,https://www.gbif.org/occurrence/5890449835,2026-09-23T07:34:02.915214+00:00
gbif,5897097870,Galeocerdo cuvier,"Galeocerdo cuvier (Péron & Lesueur, 1822)",2025-03-05T16:46,-18.349582,178.12635,Fiji,,,HUMAN_OBSERVATION,30666.0,iNaturalist research-grade observations,http://creativecommons.org/licenses/by/4.0/legalcode,https://www.gbif.org/occurrence/5897097870,2026-09-23T07:34:02.915214+00:00
gbif,5897210033,Galeocerdo cuvier,"Galeocerdo cuvier (Péron & Lesueur, 1822)",2025-03-05T16:46,-18.362969,178.002219,Fiji,,,HUMAN_OBSERVATION,30666.0,iNaturalist research-grade observations,http://creativecommons.org/licenses/by/4.0/legalcode,https://www.gbif.org/occurrence/5897210033,2026-09-23T07:34:02.915214+00:00
gbif,5897213383,Galeocerdo cuvier,"Galeocerdo cuvier (Péron & Lesueur, 1822)",2025-03-05T16:52,-18.247032,178.086847,Fiji,,Adult,HUMAN_OBSERVATION,30666.0,iNaturalist research-grade observations,http://creativecommons.org/licenses/by/4.0/legalcode,https://www.gbif.org/occurrence/5897213383,2026-09-23T07:34:02.915214+00:00
gbif,5897312286,Galeocerdo cuvier,"Galeocerdo cuvier (Péron & Lesueur, 1822)",2025-03-05T16:45,-18.378689,178.163231,Fiji,,Adult,HUMAN_OBSERVATION,30666.0,iNaturalist research-grade observations,http://creativecommons.org/licenses/by/4.0/legalcode,https://www.gbif.org/occurrence/5897312286,2026-09-23T07:34:02.915214+00:00
gbif,5897680031,Galeocerdo cuvier,"Galeocerdo cuvier (Péron & Lesueur, 1822)",2025-03-05T16:50,-18.243495,178.160586,Fiji,,,HUMAN_OBSERVATION,30666.0,iNaturalist research-grade observations,http://creativecommons.org/licenses/by/4.0/legalcode,https://www.gbif.org/occurrence/5897680031,2026-09-23T07:34:02.915214+00:00
gbif,5897826768,Galeocerdo cuvier,"Galeocerdo cuvier (Péron & Lesueur, 1822)",2025-03-05T16:48,-18.295975,178.180845,Fiji,,,HUMAN_OBSERVATION,30666.0,iNaturalist research-grade observations,http://creativecommons.org/licenses/by/4.0/legalcode,https://www.gbif.org/occurrence/5897826768,2026-09-23T07:34:02.915214+00:00
gbif,5133548034,Galeocerdo cuvier,"Galeocerdo cuvier (Péron & Lesueur, 1822)",2025-04-11T12:30:09,-23.135959,113.720861,Australia,,,HUMAN_OBSERVATION,30217.0,iNaturalist research-grade observations,http://creativecommons.org/licenses/by-nc/4.0/legalcode,https://www.gbif.org/occurrence/5133548034,2026-09-23T07:34:02.915214+00:00
gbif,5140182446,Galeocerdo cuvier,"Galeocerdo cuvier (Péron & Lesueur, 1822)",2025-04-03T06:51:08,17.698969,83.291657,India,,Juvenile,HUMAN_OBSERVATION,30716.0,iNaturalist research-grade observations,http://creativecommons.org/licenses/by-nc/4.0/legalcode,https://www.gbif.org/occurrence/5140182446,2026-09-23T07:34:02.915214+00:00
gbif,5140958574,Galeocerdo cuvier,"Galeocerdo cuvier (Péron & Lesueur, 1822)",2025-04-25T06:46,7.396953,79.86191,Sri Lanka,,,HUMAN_OBSERVATION,31324.0,iNaturalist research-grade observations,http://creativecommons.org/licenses/by-nc/4.0/legalcode,https://www.gbif.org/occurrence/5140958574,2026-09-23T07:34:02.915214+00:00
gbif,5177141334,Galeocerdo cuvier,"Galeocerdo cuvier (Péron & Lesueur, 1822)",2025-04-22T10:49,-23.133625,113.760669,Australia,,,HUMAN_OBSERVATION,1261.0,iNaturalist research-grade observations,http://creativecommons.org/licenses/by-nc/4.0/legalcode,https://www.gbif.org/occurrence/5177141334,2026-09-23T07:34:02.915214+00:00
gbif,5153428688,Galeocerdo cuvier,"Galeocerdo cuvier (Péron & Lesueur, 1822)",2025-05-04T09:55:26,-11.982837,141.9393,Australia,,,HUMAN_OBSERVATION,4.0,iNaturalist research-grade observations,http://creativecommons.org/licenses/by-nc/4.0/legalcode,https://www.gbif.org/occurrence/5153428688,2026-09-23T07:34:02.915214+00:00
gbif,5153604028,Galeocerdo cuvier,"Galeocerdo cuvier (Péron & Lesueur, 1822)",2025-05-13T15:51:37,20.970393,-86.891638,Mexico,,,HUMAN_OBSERVATION,30434.0,iNaturalist research-grade observations,http://creativecommons.org/licenses/by-nc/4.0/legalcode,https://www.gbif.org/occurrence/5153604028,2026-09-23T07:34:02.915214+00:00
gbif,5168053524,Galeocerdo cuvier,"Galeocerdo cuvier (Péron & Lesueur, 1822)",2025-05-04T10:57,1.747487,-91.830018,Ecuador,,,HUMAN_OBSERVATION,31444.0,iNaturalist research-grade observations,http://creativecommons.org/licenses/by-nc/4.0/legalcode,https://www.gbif.org/occurrence/5168053524,2026-09-23T07:34:02.915214+00:00
gbif,5168321287,Galeocerdo cuvier,"Galeocerdo cuvier (Péron & Lesueur, 1822)",2025-05-25T16:28:02,26.921542,-79.180391,Bahamas,,,HUMAN_OBSERVATION,29798.0,iNaturalist research-grade observations,http://creativecommons.org/licenses/by-nc/4.0/legalcode,https://www.gbif.org/occurrence/5168321287,2026-09-23T07:34:02.915214+00:00
gbif,5177332753,Galeocerdo cuvier,"Galeocerdo cuvier (Péron & Lesueur, 1822)",2025-05-10T08:20,4.219376,73.467432,Maldives,,Adult,HUMAN_OBSERVATION,31407.0,iNaturalist research-grade observations,http://creativecommons.org/licenses/by-nc/4.0/legalcode,https://www.gbif.org/occurrence/5177332753,2026-09-23T07:34:02.915214+00:00
gbif,5205822784,Galeocerdo cuvier,"Galeocerdo cuvier (Péron & Lesueur, 1822)",2025-05-12T14:51,11.215207,124.18607,Philippines,,,HUMAN_OBSERVATION,31148.0,iNaturalist research-grade observations,http://creativecommons.org/licenses/by-nc/4.0/legalcode,https://www.gbif.org/occurrence/5205822784,2026-09-23T07:34:02.915214+00:00
gbif,5206463819,Galeocerdo cuvier,"Galeocerdo cuvier (Péron & Lesueur, 1822)",2025-06-10T11:19,28.979921,-83.163816,United States of America,,Adult,HUMAN_OBSERVATION,29558.0,iNaturalist research-grade observations,http://creativecommons.org/licenses/by-nc/4.0/legalcode,https://www.gbif.org/occurrence/5206463819,2026-09-23T07:34:02.915214+00:00
gbif,5292773527,Galeocerdo cuvier,"Galeocerdo cuvier (Péron & Lesueur, 1822)",2025-06-30T16:36,11.386146,124.067871,Philippines,,,HUMAN_OBSERVATION,31148.0,iNaturalist research-grade observations,http://creativecommons.org/licenses/by-nc/4.0/legalcode,https://www.gbif.org/occurrence/5292773527,2026-09-23T07:34:02.915214+00:00
gbif,6159510949,Galeocerdo cuvier,"Galeocerdo cuvier (Péron & Lesueur, 1822)",2025-06-10T13:02,-23.12553,113.747287,Australia,,,HUMAN_OBSERVATION,4726.0,iNaturalist research-grade observations,http://creativecommons.org/licenses/by-nc/4.0/legalcode,https://www.gbif.org/occurrence/6159510949,2026-09-23T07:34:02.915214+00:00
gbif,6235776996,Galeocerdo cuvier,"Galeocerdo cuvier (Péron & Lesueur, 1822)",2025-06-12T09:22:06,5.385254,73.234056,Maldives,,,HUMAN_OBSERVATION,31384.0,iNaturalist research-grade observations,http://creativecommons.org/licenses/by-nc/4.0/legalcode,https://www.gbif.org/occurrence/6235776996,2026-09-23T07:34:02.915214+00:00
gbif,5230048135,Galeocerdo cuvier,"Galeocerdo cuvier (Péron & Lesueur, 1822)",2025-07-11T08:42,-18.292383,178.193676,Fiji,,Adult,HUMAN_OBSERVATION,30666.0,iNaturalist research-grade observations,http://creativecommons.org/licenses/by-nc/4.0/legalcode,https://www.gbif.org/occurrence/5230048135,2026-09-23T07:34:02.915214+00:00
gbif,5230480830,Galeocerdo cuvier,"Galeocerdo cuvier (Péron & Lesueur, 1822)",2025-07-10T08:45,-18.256896,178.022204,Fiji,,Juvenile,HUMAN_OBSERVATION,30666.0,iNaturalist research-grade observations,http://creativecommons.org/licenses/by-nc/4.0/legalcode,https://www.gbif.org/occurrence/5230480830,2026-09-23T07:34:02.915214+00:00
gbif,5230722496,Galeocerdo cuvier,"Galeocerdo cuvier (Péron & Lesueur, 1822)",2025-07-17T09:00,4.133704,73.588399,Maldives,,,HUMAN_OBSERVATION,31411.0,iNaturalist research-grade observations,http://creativecommons.org/licenses/by-nc/4.0/legalcode,https://www.gbif.org/occurrence/5230722496,2026-09-23T07:34:02.915214+00:00
gbif,5230945902,Galeocerdo cuvier,"Galeocerdo cuvier (Péron & Lesueur, 1822)",2025-07-09T07:20,-18.353482,178.091914,Fiji,,Adult,HUMAN_OBSERVATION,30666.0,iNaturalist research-grade observations,http://creativecommons.org/licenses/by-nc/4.0/legalcode,https://www.gbif.org/occurrence/5230945902,2026-09-23T07:34:02.915214+00:00
gbif,5230947739,Galeocerdo cuvier,"Galeocerdo cuvier (Péron & Lesueur, 1822)",2025-07-10T08:56,-18.317485,178.058295,Fiji,,Adult,HUMAN_OBSERVATION,30666.0,iNaturalist research-grade observations,http://creativecommons.org/licenses/by-nc/4.0/legalcode,https://www.gbif.org/occurrence/5230947739,2026-09-23T07:34:02.915214+00:00
gbif,5231441990,Galeocerdo cuvier,"Galeocerdo cuvier (Péron & Lesueur, 1822)",2025-07-11T09:34,-18.277307,178.191999,Fiji,,Adult,HUMAN_OBSERVATION,30666.0,iNaturalist research-grade observations,http://creativecommons.org/licenses/by-nc/4.0/legalcode,https://www.gbif.org/occurrence/5231441990,2026-09-23T07:34:02.915214+00:00
gbif,5231745002,Galeocerdo cuvier,"Galeocerdo cuvier (Péron & Lesueur, 1822)",2025-07-10T07:50,-18.245603,178.154324,Fiji,,,HUMAN_OBSERVATION,30666.0,iNaturalist research-grade observations,http://creativecommons.org/licenses/by-nc/4.0/legalcode,https://www.gbif.org/occurrence/5231745002,2026-09-23T07:34:02.915214+00:00
gbif,5231758991,Galeocerdo cuvier,"Galeocerdo cuvier (Péron & Lesueur, 1822)",2025-07-10T09:31,-18.292221,178.03835,Fiji,,,HUMAN_OBSERVATION,30666.0,iNaturalist research-grade observations,http://creativecommons.org/licenses/by-nc/4.0/legalcode,https://www.gbif.org/occurrence/5231758991,2026-09-23T07:34:02.915214+00:00
gbif,5237582515,Galeocerdo cuvier,"Galeocerdo cuvier (Péron & Lesueur, 1822)",2025-07-25T20:56:31,34.388463,-77.601427,United States of America,,,HUMAN_OBSERVATION,28846.0,iNaturalist research-grade observations,http://creativecommons.org/licenses/by-nc/4.0/legalcode,https://www.gbif.org/occurrence/5237582515,2026-09-23T07:34:02.915214+00:00
gbif,5237663601,Galeocerdo cuvier,"Galeocerdo cuvier (Péron & Lesueur, 1822)",2025-07-25T07:42:29,21.528844,-158.100559,United States of America,,,HUMAN_OBSERVATION,30377.0,iNaturalist research-grade observations,http://creativecommons.org/licenses/by-nc/4.0/legalcode,https://www.gbif.org/occurrence/5237663601,2026-09-23T07:34:02.915214+00:00
gbif,5238360338,Galeocerdo cuvier,"Galeocerdo cuvier (Péron & Lesueur, 1822)",2025-07-26T22:40,-0.320414,73.43019,Maldives,,,HUMAN_OBSERVATION,31451.0,iNaturalist research-grade observations,http://creativecommons.org/licenses/by-nc/4.0/legalcode,https://www.gbif.org/occurrence/5238360338,2026-09-23T07:34:02.915214+00:00
gbif,5282188231,Galeocerdo cuvier,"Galeocerdo cuvier (Péron & Lesueur, 1822)",2025-07-11T09:20,-18.27807,178.1768,Fiji,,,HUMAN_OBSERVATION,30666.0,iNaturalist research-grade observations,http://creativecommons.org/licenses/by-nc/4.0/legalcode,https://www.gbif.org/occurrence/5282188231,2026-09-23T07:34:02.915214+00:00
gbif,5282247708,Galeocerdo cuvier,"Galeocerdo cuvier (Péron & Lesueur, 1822)",2025-07-11T09:22,-18.246564,178.057161,Fiji,,,HUMAN_OBSERVATION,30666.0,iNaturalist research-grade observations,http://creativecommons.org/licenses/by-nc/4.0/legalcode,https://www.gbif.org/occurrence/5282247708,2026-09-23T07:34:02.915214+00:00
